<?xml version="1.0" encoding="UTF-8" ?>
<!DOCTYPE mapper
        PUBLIC "-//mybatis.org//DTD Mapper 3.0//EN"
        "http://mybatis.org/dtd/mybatis-3-mapper.dtd">
<mapper namespace="CourseHomeReview2Dao">

    <select id="findCourseIdByUserIdAndCourseName" parameterType="map" resultType="string">
        SELECT courseId FROM course WHERE userId = #{userId} AND courseName = #{courseName} LIMIT 1
    </select>

    <insert id="insertCourse" parameterType="courseDto" useGeneratedKeys="true" keyProperty="courseId">
        INSERT INTO course (userId, nickname, courseName, color, regDate, modifyDate)
        VALUES (#{userId}, #{nickname}, #{courseName}, #{color}, #{regDate}, #{modifyDate})
    </insert>

    <insert id="insertCourseDetail" parameterType="com.nextpin.app.dto.CourseDetailDto">
        INSERT INTO course_detail (courseId, location, x, y, visitDate, memo, userId)
        VALUES (
                   #{courseId},
                   #{location},
                   #{x},
                   #{y},
                   #{visitDate},
                   #{memo},
                   #{userId}
               )
    </insert>

    <update id="updateCourseColorAndModifyDate" parameterType="map">
        UPDATE course
        SET color = #{color}, modifyDate = now()
        WHERE courseId = #{courseId}
    </update>

    <select id="getCourseDetails" parameterType="int" resultType="courseDetailDto">
        SELECT *
        FROM course_detail
        WHERE courseId = #{courseId}
    </select>

    <select id="getCoordinatesByLocation" parameterType="string" resultType="map">
        SELECT x, y
        FROM course_detail
        WHERE location = #{location}
    </select>

    <select id="isDuplicateCourseDetail" parameterType="map" resultType="boolean">
        SELECT COUNT(*) > 0
        FROM course_detail
        WHERE courseId = #{courseId} AND location = #{location}
    </select>

    <select id="getCourseDetailsByNameAndUser" parameterType="map" resultType="courseDetailDto">
        SELECT cd.*
        FROM course_detail cd
                 JOIN course c ON cd.courseId = c.courseId
        WHERE c.courseName = #{courseName} AND c.userId = #{userId}
    </select>

    <select id="isLocationExist" resultType="boolean">
        SELECT COUNT(*) > 0
        FROM course_detail
        WHERE courseId = #{courseId} AND location = #{location}
    </select>

    <delete id="deleteCourseDetail">
        DELETE FROM course_detail
        WHERE courseId = #{courseId} AND location = #{location}
    </delete>

</mapper>
