<?xml version="1.0" encoding="UTF-8"?>
<configuration scan="true" scanPeriod="30 seconds">
	<property name="LogFilePath" value="logs" />
	
	<appender name="STDOUT" class="ch.qos.logback.core.ConsoleAppender">
		<encoder>
			<pattern>%d{yyyy-MM-dd HH:mm:ss.SSS} %-5level [%logger.%method:%L] - %msg%n</pattern>
		</encoder>
    </appender>
   
    <appender name="file" class="ch.qos.logback.core.rolling.RollingFileAppender">
        <file>${LogFilePath}/ApiTest_logback.log</file>
        <encoder>
            <pattern>[%d{yyyy-MM-dd HH:mm:ss}:%-3relative] %-5level [%logger.%method:%L] - %msg%n</pattern>
        </encoder>
        <rollingPolicy class="ch.qos.logback.core.rolling.SizeAndTimeBasedRollingPolicy">
        	<!-- 일자별 로그 파일 -->
        	<fileNamePattern>${LogFilePath}/ApiTest_%i.%d{yyyy-MM-dd}.log</fileNamePattern>
        	<maxFileSize>100MB</maxFileSize>
        </rollingPolicy>
    </appender>
    
    <logger name="org.thymeleaf.TemplateEngine" level="error" />
    <logger name="org.springframework.beans.factory.support" level="error" />
    
    <!-- 전체 영역 로깅 -->
    <root level="debug">
    	<appender-ref ref="STDOUT" />
        <appender-ref ref="file" />
    </root>

 </configuration>