<?xml version="1.0" encoding="UTF-8" ?>
<!DOCTYPE configuration
        PUBLIC "-//mybatis.org//DTD config 3.0//EN"
        "http://mybatis.org/dtd/mybatis-3-config.dtd">
<!-- mybatis에서 사용하는 설정파일-->
<configuration>
    <typeAliases>
        <typeAlias type="com.nextpin.app.dto.KakaoMapDto"
                   alias="kakaoMapData"/>
        <typeAlias type="com.nextpin.app.dto.KakaoMapReviewDto"
                   alias="KakaoMapReviewData"/>
        <typeAlias type="com.nextpin.app.dto.MemberDto"
                   alias="member"/>
        <typeAlias type="com.nextpin.app.dto.UserDto"
                   alias="UserDto"/>
        <typeAlias type="com.nextpin.app.dto.CourseDto"
                   alias="courseDto"/>
        <typeAlias type="com.nextpin.app.dto.CourseDetailDto"
                   alias="courseDetailDto"/>
        <typeAlias type="com.nextpin.app.dto.CourseAndDetailDto"
                   alias="courseAndDetailDto"/>
    </typeAliases>

</configuration>